4.53589838486224,4.53589838486224,4.53589838486224,4.53589838486224,4.53589838486224,4.53589838486224,4.53589838486224,4.53589838486224,4.53589838486224,4.53589838486224,4.53589838486224,4.53589838486224,4.53589838486224,4.53589838486224,4.53589838486224,4.53589838486224,4.53589838486224,4.53589838486224,4.53589838486224,4.53589838486224,4.53589838486224,4.53589838486224,4.53589838486224,4.53589838486224,4.53589838486224,4.53589838486224,4.53589838486224,4.53589838486224,4.53589838486224,4.53589838486224,4.53589838486224,4.53589838486224,4.53589838486224,4.53589838486224,4.53589838486224,4.53589838486224,4.53589838486224,4.53589838486224,4.53589838486224,4.53589838486224,4.53589838486224,4.53589838486224,4.53589838486224,4.53589838486224,4.53589838486224,4.53589838486224,4.53589838486224,4.53589838486224,4.53589838486224,4.53589838486224,4,4,4,4,4,4,4,4,4,4,4,4,4,4,4,4,4,4,4,4,4,4,4,4,4,4,4,4,4,4,4,4,4,4,4,4,4,4,4,4,4,4,4,4,4,4,4,4,4,4,4.26794919243112,4.15282472437333,1967
4.12701665379258,4.12701665379258,4.12701665379258,4.12701665379258,4.12701665379258,4.12701665379258,4.12701665379258,4.12701665379258,4.12701665379258,4.12701665379258,4.12701665379258,4.12701665379258,4.12701665379258,4.12701665379258,4.12701665379258,4.12701665379258,4.12701665379258,4.12701665379258,4.12701665379258,4.12701665379258,4.12701665379258,4.12701665379258,4.12701665379258,4.12701665379258,4.12701665379258,4.12701665379258,4.12701665379258,4.12701665379258,4.12701665379258,4.12701665379258,4.12701665379258,4.12701665379258,4.12701665379258,4.12701665379258,4.12701665379258,4.12701665379258,4.12701665379258,4.12701665379258,4.12701665379258,4.12701665379258,4.12701665379258,4.12701665379258,4.12701665379258,4.12701665379258,4.12701665379258,4.12701665379258,4.12701665379258,4.12701665379258,4.12701665379258,4.12701665379258,4,4,4,4,4,4,4,4,4,4,4,4,4,4,4,4,4,4,4,4,4,4,4,4,4,4,4,4,4,4,4,4,4,4,4,4,4,4,4,4,4,4,4,4,4,4,4,4,4,4,4.06350832689629,4.15282472437333,1968
4.12701665379258,4.12701665379258,4.12701665379258,4.12701665379258,4.12701665379258,4.12701665379258,4.12701665379258,4.12701665379258,4.12701665379258,4.12701665379258,4.12701665379258,4.12701665379258,4.12701665379258,4.12701665379258,4.12701665379258,4.12701665379258,4.12701665379258,4.12701665379258,4.12701665379258,4.12701665379258,4.12701665379258,4.12701665379258,4.12701665379258,4.12701665379258,4.12701665379258,4.12701665379258,4.12701665379258,4.12701665379258,4.12701665379258,4.12701665379258,4.12701665379258,4.12701665379258,4.12701665379258,4.12701665379258,4.12701665379258,4.12701665379258,4.12701665379258,4.12701665379258,4.12701665379258,4.12701665379258,4.12701665379258,4.12701665379258,4.12701665379258,4.12701665379258,4.12701665379258,4.12701665379258,4.12701665379258,4.12701665379258,4.12701665379258,4.12701665379258,4.12701665379258,4.12701665379258,4.12701665379258,4.12701665379258,4.12701665379258,4.12701665379258,4.12701665379258,4.12701665379258,4.12701665379258,4.12701665379258,4.12701665379258,4.12701665379258,4.12701665379258,4.12701665379258,4.12701665379258,4.12701665379258,4.12701665379258,4.12701665379258,4.12701665379258,4.12701665379258,4.12701665379258,4.12701665379258,4.12701665379258,4.12701665379258,4.12701665379258,4.12701665379258,4.12701665379258,4.12701665379258,4.12701665379258,4.12701665379258,4.12701665379258,4.12701665379258,4.12701665379258,4.12701665379258,4.12701665379258,4.12701665379258,4.12701665379258,4.12701665379258,4.12701665379258,4.12701665379258,4.12701665379258,4.12701665379258,4.12701665379258,4.12701665379258,4.12701665379258,4.12701665379258,4.12701665379258,4.12701665379258,4.12701665379258,4.12701665379258,4.12701665379258,4.15282472437333,1969
4.12701665379258,4.12701665379258,4.12701665379258,4.12701665379258,4.12701665379258,4.12701665379258,4.12701665379258,4.12701665379258,4.12701665379258,4.12701665379258,4.12701665379258,4.12701665379258,4.12701665379258,4.12701665379258,4.12701665379258,4.12701665379258,4.12701665379258,4.12701665379258,4.12701665379258,4.12701665379258,4.12701665379258,4.12701665379258,4.12701665379258,4.12701665379258,4.12701665379258,4.12701665379258,4.12701665379258,4.12701665379258,4.12701665379258,4.12701665379258,4.12701665379258,4.12701665379258,4.12701665379258,4.12701665379258,4.12701665379258,4.12701665379258,4.12701665379258,4.12701665379258,4.12701665379258,4.12701665379258,4.12701665379258,4.12701665379258,4.12701665379258,4.12701665379258,4.12701665379258,4.12701665379258,4.12701665379258,4.12701665379258,4.12701665379258,4.12701665379258,4.12701665379258,4.12701665379258,4.12701665379258,4.12701665379258,4.12701665379258,4.12701665379258,4.12701665379258,4.12701665379258,4.12701665379258,4.12701665379258,4.12701665379258,4.12701665379258,4.12701665379258,4.12701665379258,4.12701665379258,4.12701665379258,4.12701665379258,4.12701665379258,4.12701665379258,4.12701665379258,4.12701665379258,4.12701665379258,4.12701665379258,4.12701665379258,4.12701665379258,4.12701665379258,4.12701665379258,4.12701665379258,4.12701665379258,4.12701665379258,4.12701665379258,4.12701665379258,4.12701665379258,4.12701665379258,4.12701665379258,4.12701665379258,4.12701665379258,4.12701665379258,4.12701665379258,4.12701665379258,4.12701665379258,4.12701665379258,4.12701665379258,4.12701665379258,4.12701665379258,4.12701665379258,4.12701665379258,4.12701665379258,4.12701665379258,4.12701665379258,4.12701665379258,3.88531903207728,1970
4.12701665379258,4.12701665379258,4.12701665379258,4.12701665379258,4.12701665379258,4.12701665379258,4.12701665379258,4.12701665379258,4.12701665379258,4.12701665379258,4.12701665379258,4.12701665379258,4.12701665379258,4.12701665379258,4.12701665379258,4.12701665379258,4.12701665379258,4.12701665379258,4.12701665379258,4.12701665379258,4.12701665379258,4.12701665379258,4.12701665379258,4.12701665379258,4.12701665379258,4.12701665379258,4.12701665379258,4.12701665379258,4.12701665379258,4.12701665379258,4.12701665379258,4.12701665379258,4.12701665379258,4.12701665379258,4.12701665379258,4.12701665379258,4.12701665379258,4.12701665379258,4.12701665379258,4.12701665379258,4.12701665379258,4.12701665379258,4.12701665379258,4.12701665379258,4.12701665379258,4.12701665379258,4.12701665379258,4.12701665379258,4.12701665379258,4.12701665379258,4,4,4,4,4,4,4,4,4,4,4,4,4,4,4,4,4,4,4,4,4,4,4,4,4,4,4,4,4,4,4,4,4,4,4,4,4,4,4,4,4,4,4,4,4,4,4,4,4,4,4.06350832689629,3.88531903207728,1971
4.12701665379258,4.12701665379258,4.12701665379258,4.12701665379258,4.12701665379258,4.12701665379258,4.12701665379258,4.12701665379258,4.12701665379258,4.12701665379258,4.12701665379258,4.12701665379258,4.12701665379258,4.12701665379258,4.12701665379258,4.12701665379258,4.12701665379258,4.12701665379258,4.12701665379258,4.12701665379258,4.12701665379258,4.12701665379258,4.12701665379258,4.12701665379258,4.12701665379258,4.12701665379258,4.12701665379258,4.12701665379258,4.12701665379258,4.12701665379258,4.12701665379258,4.12701665379258,4.12701665379258,4.12701665379258,4.12701665379258,4.12701665379258,4.12701665379258,4.12701665379258,4.12701665379258,4.12701665379258,4.12701665379258,4.12701665379258,4.12701665379258,4.12701665379258,4.12701665379258,4.12701665379258,4.12701665379258,4.12701665379258,4.12701665379258,4.12701665379258,2.80384757729337,2.80384757729337,2.80384757729337,2.80384757729337,2.80384757729337,2.80384757729337,2.80384757729337,2.80384757729337,2.80384757729337,2.80384757729337,2.80384757729337,2.80384757729337,2.80384757729337,2.80384757729337,2.80384757729337,2.80384757729337,2.80384757729337,2.80384757729337,2.80384757729337,2.80384757729337,2.80384757729337,2.80384757729337,2.80384757729337,2.80384757729337,2.80384757729337,2.80384757729337,2.80384757729337,2.80384757729337,2.80384757729337,2.80384757729337,2.80384757729337,2.80384757729337,2.80384757729337,2.80384757729337,2.80384757729337,2.80384757729337,2.80384757729337,2.80384757729337,2.80384757729337,2.80384757729337,2.80384757729337,2.80384757729337,2.80384757729337,2.80384757729337,2.80384757729337,2.80384757729337,2.80384757729337,2.80384757729337,2.80384757729337,2.80384757729337,3.46543211554298,3.88531903207728,1972
4.12701665379258,4.12701665379258,4.12701665379258,4.12701665379258,4.12701665379258,4.12701665379258,4.12701665379258,4.12701665379258,4.12701665379258,4.12701665379258,4.12701665379258,4.12701665379258,4.12701665379258,4.12701665379258,4.12701665379258,4.12701665379258,4.12701665379258,4.12701665379258,4.12701665379258,4.12701665379258,4.12701665379258,4.12701665379258,4.12701665379258,4.12701665379258,4.12701665379258,4.12701665379258,4.12701665379258,4.12701665379258,4.12701665379258,4.12701665379258,4.12701665379258,4.12701665379258,4.12701665379258,4.12701665379258,4.12701665379258,4.12701665379258,4.12701665379258,4.12701665379258,4.12701665379258,4.12701665379258,4.12701665379258,4.12701665379258,4.12701665379258,4.12701665379258,4.12701665379258,4.12701665379258,4.12701665379258,4.12701665379258,4.12701665379258,4.12701665379258,2.80384757729337,2.80384757729337,2.80384757729337,2.80384757729337,2.80384757729337,2.80384757729337,2.80384757729337,2.80384757729337,2.80384757729337,2.80384757729337,2.80384757729337,2.80384757729337,2.80384757729337,2.80384757729337,2.80384757729337,2.80384757729337,2.80384757729337,2.80384757729337,2.80384757729337,2.80384757729337,2.80384757729337,2.80384757729337,2.80384757729337,2.80384757729337,2.80384757729337,2.80384757729337,2.80384757729337,2.80384757729337,2.80384757729337,2.80384757729337,2.80384757729337,2.80384757729337,2.80384757729337,2.80384757729337,2.80384757729337,2.80384757729337,2.80384757729337,2.80384757729337,2.80384757729337,2.80384757729337,2.80384757729337,2.80384757729337,2.80384757729337,2.80384757729337,2.80384757729337,2.80384757729337,2.80384757729337,2.80384757729337,2.80384757729337,2.80384757729337,3.46543211554298,3.58800721486312,1973
4.12701665379258,4.12701665379258,4.12701665379258,4.12701665379258,4.12701665379258,4.12701665379258,4.12701665379258,4.12701665379258,4.12701665379258,4.12701665379258,4.12701665379258,4.12701665379258,4.12701665379258,4.12701665379258,4.12701665379258,4.12701665379258,4.12701665379258,4.12701665379258,4.12701665379258,4.12701665379258,4.12701665379258,4.12701665379258,4.12701665379258,4.12701665379258,4.12701665379258,4.12701665379258,4.12701665379258,4.12701665379258,4.12701665379258,4.12701665379258,4.12701665379258,4.12701665379258,4.12701665379258,4.12701665379258,4.12701665379258,4.12701665379258,4.12701665379258,4.12701665379258,4.12701665379258,4.12701665379258,4.12701665379258,4.12701665379258,4.12701665379258,4.12701665379258,4.12701665379258,4.12701665379258,4.12701665379258,4.12701665379258,4.12701665379258,4.12701665379258,3.17157287525381,3.17157287525381,3.17157287525381,3.17157287525381,3.17157287525381,3.17157287525381,3.17157287525381,3.17157287525381,3.17157287525381,3.17157287525381,3.17157287525381,3.17157287525381,3.17157287525381,3.17157287525381,3.17157287525381,3.17157287525381,3.17157287525381,3.17157287525381,3.17157287525381,3.17157287525381,3.17157287525381,3.17157287525381,3.17157287525381,3.17157287525381,3.17157287525381,3.17157287525381,3.17157287525381,3.17157287525381,3.17157287525381,3.17157287525381,3.17157287525381,3.17157287525381,3.17157287525381,3.17157287525381,3.17157287525381,3.17157287525381,3.17157287525381,3.17157287525381,3.17157287525381,3.17157287525381,3.17157287525381,3.17157287525381,3.17157287525381,3.17157287525381,3.17157287525381,3.17157287525381,3.17157287525381,3.17157287525381,3.17157287525381,3.17157287525381,3.6492947645232,3.58800721486312,1974
4.12701665379258,4.12701665379258,4.12701665379258,4.12701665379258,4.12701665379258,4.12701665379258,4.12701665379258,4.12701665379258,4.12701665379258,4.12701665379258,4.12701665379258,4.12701665379258,4.12701665379258,4.12701665379258,4.12701665379258,4.12701665379258,4.12701665379258,4.12701665379258,4.12701665379258,4.12701665379258,4.12701665379258,4.12701665379258,4.12701665379258,4.12701665379258,4.12701665379258,4.12701665379258,4.12701665379258,4.12701665379258,4.12701665379258,4.12701665379258,4.12701665379258,4.12701665379258,4.12701665379258,4.12701665379258,4.12701665379258,4.12701665379258,4.12701665379258,4.12701665379258,4.12701665379258,4.12701665379258,4.12701665379258,4.12701665379258,4.12701665379258,4.12701665379258,4.12701665379258,4.12701665379258,4.12701665379258,4.12701665379258,4.12701665379258,4.12701665379258,3.17157287525381,3.17157287525381,3.17157287525381,3.17157287525381,3.17157287525381,3.17157287525381,3.17157287525381,3.17157287525381,3.17157287525381,3.17157287525381,3.17157287525381,3.17157287525381,3.17157287525381,3.17157287525381,3.17157287525381,3.17157287525381,3.17157287525381,3.17157287525381,3.17157287525381,3.17157287525381,3.17157287525381,3.17157287525381,3.17157287525381,3.17157287525381,3.17157287525381,3.17157287525381,3.17157287525381,3.17157287525381,3.17157287525381,3.17157287525381,3.17157287525381,3.17157287525381,3.17157287525381,3.17157287525381,3.17157287525381,3.17157287525381,3.17157287525381,3.17157287525381,3.17157287525381,3.17157287525381,3.17157287525381,3.17157287525381,3.17157287525381,3.17157287525381,3.17157287525381,3.17157287525381,3.17157287525381,3.17157287525381,3.17157287525381,3.17157287525381,3.6492947645232,3.58800721486312,1975
4.12701665379258,4.12701665379258,4.12701665379258,4.12701665379258,4.12701665379258,4.12701665379258,4.12701665379258,4.12701665379258,4.12701665379258,4.12701665379258,4.12701665379258,4.12701665379258,4.12701665379258,4.12701665379258,4.12701665379258,4.12701665379258,4.12701665379258,4.12701665379258,4.12701665379258,4.12701665379258,4.12701665379258,4.12701665379258,4.12701665379258,4.12701665379258,4.12701665379258,4.12701665379258,4.12701665379258,4.12701665379258,4.12701665379258,4.12701665379258,4.12701665379258,4.12701665379258,4.12701665379258,4.12701665379258,4.12701665379258,4.12701665379258,4.12701665379258,4.12701665379258,4.12701665379258,4.12701665379258,4.12701665379258,4.12701665379258,4.12701665379258,4.12701665379258,4.12701665379258,4.12701665379258,4.12701665379258,4.12701665379258,4.12701665379258,4.12701665379258,2.13629669484373,2.13629669484373,2.13629669484373,2.13629669484373,2.13629669484373,2.13629669484373,2.13629669484373,2.13629669484373,2.13629669484373,2.13629669484373,2.13629669484373,2.13629669484373,2.13629669484373,2.13629669484373,2.13629669484373,2.13629669484373,2.13629669484373,2.13629669484373,2.13629669484373,2.13629669484373,2.13629669484373,2.13629669484373,2.13629669484373,2.13629669484373,2.13629669484373,2.13629669484373,2.13629669484373,2.13629669484373,2.13629669484373,2.13629669484373,2.13629669484373,2.13629669484373,2.13629669484373,2.13629669484373,2.13629669484373,2.13629669484373,2.13629669484373,2.13629669484373,2.13629669484373,2.13629669484373,2.13629669484373,2.13629669484373,2.13629669484373,2.13629669484373,2.13629669484373,2.13629669484373,2.13629669484373,2.13629669484373,2.13629669484373,2.13629669484373,3.13165667431816,3.03990496478202,1976
4.12701665379258,4.12701665379258,4.12701665379258,4.12701665379258,4.12701665379258,4.12701665379258,4.12701665379258,4.12701665379258,4.12701665379258,4.12701665379258,4.12701665379258,4.12701665379258,4.12701665379258,4.12701665379258,4.12701665379258,4.12701665379258,4.12701665379258,4.12701665379258,4.12701665379258,4.12701665379258,4.12701665379258,4.12701665379258,4.12701665379258,4.12701665379258,4.12701665379258,4.12701665379258,4.12701665379258,4.12701665379258,4.12701665379258,4.12701665379258,4.12701665379258,4.12701665379258,4.12701665379258,4.12701665379258,4.12701665379258,4.12701665379258,4.12701665379258,4.12701665379258,4.12701665379258,4.12701665379258,4.12701665379258,4.12701665379258,4.12701665379258,4.12701665379258,4.12701665379258,4.12701665379258,4.12701665379258,4.12701665379258,4.12701665379258,4.12701665379258,2.13629669484373,2.13629669484373,2.13629669484373,2.13629669484373,2.13629669484373,2.13629669484373,2.13629669484373,2.13629669484373,2.13629669484373,2.13629669484373,2.13629669484373,2.13629669484373,2.13629669484373,2.13629669484373,2.13629669484373,2.13629669484373,2.13629669484373,2.13629669484373,2.13629669484373,2.13629669484373,2.13629669484373,2.13629669484373,2.13629669484373,2.13629669484373,2.13629669484373,2.13629669484373,2.13629669484373,2.13629669484373,2.13629669484373,2.13629669484373,2.13629669484373,2.13629669484373,2.13629669484373,2.13629669484373,2.13629669484373,2.13629669484373,2.13629669484373,2.13629669484373,2.13629669484373,2.13629669484373,2.13629669484373,2.13629669484373,2.13629669484373,2.13629669484373,2.13629669484373,2.13629669484373,2.13629669484373,2.13629669484373,2.13629669484373,2.13629669484373,3.13165667431816,3.03990496478202,1977
4.12701665379258,4.12701665379258,4.12701665379258,4.12701665379258,4.12701665379258,4.12701665379258,4.12701665379258,4.12701665379258,4.12701665379258,4.12701665379258,4.12701665379258,4.12701665379258,4.12701665379258,4.12701665379258,4.12701665379258,4.12701665379258,4.12701665379258,4.12701665379258,4.12701665379258,4.12701665379258,4.12701665379258,4.12701665379258,4.12701665379258,4.12701665379258,4.12701665379258,4.12701665379258,4.12701665379258,4.12701665379258,4.12701665379258,4.12701665379258,4.12701665379258,4.12701665379258,4.12701665379258,4.12701665379258,4.12701665379258,4.12701665379258,4.12701665379258,4.12701665379258,4.12701665379258,4.12701665379258,4.12701665379258,4.12701665379258,4.12701665379258,4.12701665379258,4.12701665379258,4.12701665379258,4.12701665379258,4.12701665379258,4.12701665379258,4.12701665379258,1.58578643762691,1.58578643762691,1.58578643762691,1.58578643762691,1.58578643762691,1.58578643762691,1.58578643762691,1.58578643762691,1.58578643762691,1.58578643762691,1.58578643762691,1.58578643762691,1.58578643762691,1.58578643762691,1.58578643762691,1.58578643762691,1.58578643762691,1.58578643762691,1.58578643762691,1.58578643762691,1.58578643762691,1.58578643762691,1.58578643762691,1.58578643762691,1.58578643762691,1.58578643762691,1.58578643762691,1.58578643762691,1.58578643762691,1.58578643762691,1.58578643762691,1.58578643762691,1.58578643762691,1.58578643762691,1.58578643762691,1.58578643762691,1.58578643762691,1.58578643762691,1.58578643762691,1.58578643762691,1.58578643762691,1.58578643762691,1.58578643762691,1.58578643762691,1.58578643762691,1.58578643762691,1.58578643762691,1.58578643762691,1.58578643762691,1.58578643762691,2.85640154570974,3.03990496478202,1978
4.12701665379258,4.12701665379258,4.12701665379258,4.12701665379258,4.12701665379258,4.12701665379258,4.12701665379258,4.12701665379258,4.12701665379258,4.12701665379258,4.12701665379258,4.12701665379258,4.12701665379258,4.12701665379258,4.12701665379258,4.12701665379258,4.12701665379258,4.12701665379258,4.12701665379258,4.12701665379258,4.12701665379258,4.12701665379258,4.12701665379258,4.12701665379258,4.12701665379258,4.12701665379258,4.12701665379258,4.12701665379258,4.12701665379258,4.12701665379258,4.12701665379258,4.12701665379258,4.12701665379258,4.12701665379258,4.12701665379258,4.12701665379258,4.12701665379258,4.12701665379258,4.12701665379258,4.12701665379258,4.12701665379258,4.12701665379258,4.12701665379258,4.12701665379258,4.12701665379258,4.12701665379258,4.12701665379258,4.12701665379258,4.12701665379258,4.12701665379258,1.58578643762691,1.58578643762691,1.58578643762691,1.58578643762691,1.58578643762691,1.58578643762691,1.58578643762691,1.58578643762691,1.58578643762691,1.58578643762691,1.58578643762691,1.58578643762691,1.58578643762691,1.58578643762691,1.58578643762691,1.58578643762691,1.58578643762691,1.58578643762691,1.58578643762691,1.58578643762691,1.58578643762691,1.58578643762691,1.58578643762691,1.58578643762691,1.58578643762691,1.58578643762691,1.58578643762691,1.58578643762691,1.58578643762691,1.58578643762691,1.58578643762691,1.58578643762691,1.58578643762691,1.58578643762691,1.58578643762691,1.58578643762691,1.58578643762691,1.58578643762691,1.58578643762691,1.58578643762691,1.58578643762691,1.58578643762691,1.58578643762691,1.58578643762691,1.58578643762691,1.58578643762691,1.58578643762691,1.58578643762691,1.58578643762691,1.58578643762691,2.85640154570974,2.98262809785653,1979
4.12701665379258,4.12701665379258,4.12701665379258,4.12701665379258,4.12701665379258,4.12701665379258,4.12701665379258,4.12701665379258,4.12701665379258,4.12701665379258,4.12701665379258,4.12701665379258,4.12701665379258,4.12701665379258,4.12701665379258,4.12701665379258,4.12701665379258,4.12701665379258,4.12701665379258,4.12701665379258,4.12701665379258,4.12701665379258,4.12701665379258,4.12701665379258,4.12701665379258,4.12701665379258,4.12701665379258,4.12701665379258,4.12701665379258,4.12701665379258,4.12701665379258,4.12701665379258,4.12701665379258,4.12701665379258,4.12701665379258,4.12701665379258,4.12701665379258,4.12701665379258,4.12701665379258,4.12701665379258,4.12701665379258,4.12701665379258,4.12701665379258,4.12701665379258,4.12701665379258,4.12701665379258,4.12701665379258,4.12701665379258,4.12701665379258,4.12701665379258,2.17157287525381,2.17157287525381,2.17157287525381,2.17157287525381,2.17157287525381,2.17157287525381,2.17157287525381,2.17157287525381,2.17157287525381,2.17157287525381,2.17157287525381,2.17157287525381,2.17157287525381,2.17157287525381,2.17157287525381,2.17157287525381,2.17157287525381,2.17157287525381,2.17157287525381,2.17157287525381,2.17157287525381,2.17157287525381,2.17157287525381,2.17157287525381,2.17157287525381,2.17157287525381,2.17157287525381,2.17157287525381,2.17157287525381,2.17157287525381,2.17157287525381,2.17157287525381,2.17157287525381,2.17157287525381,2.17157287525381,2.17157287525381,2.17157287525381,2.17157287525381,2.17157287525381,2.17157287525381,2.17157287525381,2.17157287525381,2.17157287525381,2.17157287525381,2.17157287525381,2.17157287525381,2.17157287525381,2.17157287525381,2.17157287525381,2.17157287525381,3.1492947645232,2.98262809785653,1980
4.12701665379258,4.12701665379258,4.12701665379258,4.12701665379258,4.12701665379258,4.12701665379258,4.12701665379258,4.12701665379258,4.12701665379258,4.12701665379258,4.12701665379258,4.12701665379258,4.12701665379258,4.12701665379258,4.12701665379258,4.12701665379258,4.12701665379258,4.12701665379258,4.12701665379258,4.12701665379258,4.12701665379258,4.12701665379258,4.12701665379258,4.12701665379258,4.12701665379258,4.12701665379258,4.12701665379258,4.12701665379258,4.12701665379258,4.12701665379258,4.12701665379258,4.12701665379258,4.12701665379258,4.12701665379258,4.12701665379258,4.12701665379258,4.12701665379258,4.12701665379258,4.12701665379258,4.12701665379258,4.12701665379258,4.12701665379258,4.12701665379258,4.12701665379258,4.12701665379258,4.12701665379258,4.12701665379258,4.12701665379258,4.12701665379258,4.12701665379258,1.75735931288071,1.75735931288071,1.75735931288071,1.75735931288071,1.75735931288071,1.75735931288071,1.75735931288071,1.75735931288071,1.75735931288071,1.75735931288071,1.75735931288071,1.75735931288071,1.75735931288071,1.75735931288071,1.75735931288071,1.75735931288071,1.75735931288071,1.75735931288071,1.75735931288071,1.75735931288071,1.75735931288071,1.75735931288071,1.75735931288071,1.75735931288071,1.75735931288071,1.75735931288071,1.75735931288071,1.75735931288071,1.75735931288071,1.75735931288071,1.75735931288071,1.75735931288071,1.75735931288071,1.75735931288071,1.75735931288071,1.75735931288071,1.75735931288071,1.75735931288071,1.75735931288071,1.75735931288071,1.75735931288071,1.75735931288071,1.75735931288071,1.75735931288071,1.75735931288071,1.75735931288071,1.75735931288071,1.75735931288071,1.75735931288071,1.75735931288071,2.94218798333665,2.98262809785653,1981
4.12701665379258,4.12701665379258,4.12701665379258,4.12701665379258,4.12701665379258,4.12701665379258,4.12701665379258,4.12701665379258,4.12701665379258,4.12701665379258,4.12701665379258,4.12701665379258,4.12701665379258,4.12701665379258,4.12701665379258,4.12701665379258,4.12701665379258,4.12701665379258,4.12701665379258,4.12701665379258,4.12701665379258,4.12701665379258,4.12701665379258,4.12701665379258,4.12701665379258,4.12701665379258,4.12701665379258,4.12701665379258,4.12701665379258,4.12701665379258,4.12701665379258,4.12701665379258,4.12701665379258,4.12701665379258,4.12701665379258,4.12701665379258,4.12701665379258,4.12701665379258,4.12701665379258,4.12701665379258,4.12701665379258,4.12701665379258,4.12701665379258,4.12701665379258,4.12701665379258,4.12701665379258,4.12701665379258,4.12701665379258,4.12701665379258,4.12701665379258,2.17157287525381,2.17157287525381,2.17157287525381,2.17157287525381,2.17157287525381,2.17157287525381,2.17157287525381,2.17157287525381,2.17157287525381,2.17157287525381,2.17157287525381,2.17157287525381,2.17157287525381,2.17157287525381,2.17157287525381,2.17157287525381,2.17157287525381,2.17157287525381,2.17157287525381,2.17157287525381,2.17157287525381,2.17157287525381,2.17157287525381,2.17157287525381,2.17157287525381,2.17157287525381,2.17157287525381,2.17157287525381,2.17157287525381,2.17157287525381,2.17157287525381,2.17157287525381,2.17157287525381,2.17157287525381,2.17157287525381,2.17157287525381,2.17157287525381,2.17157287525381,2.17157287525381,2.17157287525381,2.17157287525381,2.17157287525381,2.17157287525381,2.17157287525381,2.17157287525381,2.17157287525381,2.17157287525381,2.17157287525381,2.17157287525381,2.17157287525381,3.1492947645232,2.91359250412768,1982
4.12701665379258,4.12701665379258,4.12701665379258,4.12701665379258,4.12701665379258,4.12701665379258,4.12701665379258,4.12701665379258,4.12701665379258,4.12701665379258,4.12701665379258,4.12701665379258,4.12701665379258,4.12701665379258,4.12701665379258,4.12701665379258,4.12701665379258,4.12701665379258,4.12701665379258,4.12701665379258,4.12701665379258,4.12701665379258,4.12701665379258,4.12701665379258,4.12701665379258,4.12701665379258,4.12701665379258,4.12701665379258,4.12701665379258,4.12701665379258,4.12701665379258,4.12701665379258,4.12701665379258,4.12701665379258,4.12701665379258,4.12701665379258,4.12701665379258,4.12701665379258,4.12701665379258,4.12701665379258,4.12701665379258,4.12701665379258,4.12701665379258,4.12701665379258,4.12701665379258,4.12701665379258,4.12701665379258,4.12701665379258,4.12701665379258,4.12701665379258,1.75735931288071,1.75735931288071,1.75735931288071,1.75735931288071,1.75735931288071,1.75735931288071,1.75735931288071,1.75735931288071,1.75735931288071,1.75735931288071,1.75735931288071,1.75735931288071,1.75735931288071,1.75735931288071,1.75735931288071,1.75735931288071,1.75735931288071,1.75735931288071,1.75735931288071,1.75735931288071,1.75735931288071,1.75735931288071,1.75735931288071,1.75735931288071,1.75735931288071,1.75735931288071,1.75735931288071,1.75735931288071,1.75735931288071,1.75735931288071,1.75735931288071,1.75735931288071,1.75735931288071,1.75735931288071,1.75735931288071,1.75735931288071,1.75735931288071,1.75735931288071,1.75735931288071,1.75735931288071,1.75735931288071,1.75735931288071,1.75735931288071,1.75735931288071,1.75735931288071,1.75735931288071,1.75735931288071,1.75735931288071,1.75735931288071,1.75735931288071,2.94218798333665,2.91359250412768,1983
4.12701665379258,4.12701665379258,4.12701665379258,4.12701665379258,4.12701665379258,4.12701665379258,4.12701665379258,4.12701665379258,4.12701665379258,4.12701665379258,4.12701665379258,4.12701665379258,4.12701665379258,4.12701665379258,4.12701665379258,4.12701665379258,4.12701665379258,4.12701665379258,4.12701665379258,4.12701665379258,4.12701665379258,4.12701665379258,4.12701665379258,4.12701665379258,4.12701665379258,4.12701665379258,4.12701665379258,4.12701665379258,4.12701665379258,4.12701665379258,4.12701665379258,4.12701665379258,4.12701665379258,4.12701665379258,4.12701665379258,4.12701665379258,4.12701665379258,4.12701665379258,4.12701665379258,4.12701665379258,4.12701665379258,4.12701665379258,4.12701665379258,4.12701665379258,4.12701665379258,4.12701665379258,4.12701665379258,4.12701665379258,4.12701665379258,4.12701665379258,1.17157287525381,1.17157287525381,1.17157287525381,1.17157287525381,1.17157287525381,1.17157287525381,1.17157287525381,1.17157287525381,1.17157287525381,1.17157287525381,1.17157287525381,1.17157287525381,1.17157287525381,1.17157287525381,1.17157287525381,1.17157287525381,1.17157287525381,1.17157287525381,1.17157287525381,1.17157287525381,1.17157287525381,1.17157287525381,1.17157287525381,1.17157287525381,1.17157287525381,1.17157287525381,1.17157287525381,1.17157287525381,1.17157287525381,1.17157287525381,1.17157287525381,1.17157287525381,1.17157287525381,1.17157287525381,1.17157287525381,1.17157287525381,1.17157287525381,1.17157287525381,1.17157287525381,1.17157287525381,1.17157287525381,1.17157287525381,1.17157287525381,1.17157287525381,1.17157287525381,1.17157287525381,1.17157287525381,1.17157287525381,1.17157287525381,1.17157287525381,2.6492947645232,2.91359250412768,1984
4.12701665379258,4.12701665379258,4.12701665379258,4.12701665379258,4.12701665379258,4.12701665379258,4.12701665379258,4.12701665379258,4.12701665379258,4.12701665379258,4.12701665379258,4.12701665379258,4.12701665379258,4.12701665379258,4.12701665379258,4.12701665379258,4.12701665379258,4.12701665379258,4.12701665379258,4.12701665379258,4.12701665379258,4.12701665379258,4.12701665379258,4.12701665379258,4.12701665379258,4.12701665379258,4.12701665379258,4.12701665379258,4.12701665379258,4.12701665379258,4.12701665379258,4.12701665379258,4.12701665379258,4.12701665379258,4.12701665379258,4.12701665379258,4.12701665379258,4.12701665379258,4.12701665379258,4.12701665379258,4.12701665379258,4.12701665379258,4.12701665379258,4.12701665379258,4.12701665379258,4.12701665379258,4.12701665379258,4.12701665379258,4.12701665379258,4.12701665379258,1.17157287525381,1.17157287525381,1.17157287525381,1.17157287525381,1.17157287525381,1.17157287525381,1.17157287525381,1.17157287525381,1.17157287525381,1.17157287525381,1.17157287525381,1.17157287525381,1.17157287525381,1.17157287525381,1.17157287525381,1.17157287525381,1.17157287525381,1.17157287525381,1.17157287525381,1.17157287525381,1.17157287525381,1.17157287525381,1.17157287525381,1.17157287525381,1.17157287525381,1.17157287525381,1.17157287525381,1.17157287525381,1.17157287525381,1.17157287525381,1.17157287525381,1.17157287525381,1.17157287525381,1.17157287525381,1.17157287525381,1.17157287525381,1.17157287525381,1.17157287525381,1.17157287525381,1.17157287525381,1.17157287525381,1.17157287525381,1.17157287525381,1.17157287525381,1.17157287525381,1.17157287525381,1.17157287525381,1.17157287525381,1.17157287525381,1.17157287525381,2.6492947645232,2.84455691039883,1985
4.12701665379258,4.12701665379258,4.12701665379258,4.12701665379258,4.12701665379258,4.12701665379258,4.12701665379258,4.12701665379258,4.12701665379258,4.12701665379258,4.12701665379258,4.12701665379258,4.12701665379258,4.12701665379258,4.12701665379258,4.12701665379258,4.12701665379258,4.12701665379258,4.12701665379258,4.12701665379258,4.12701665379258,4.12701665379258,4.12701665379258,4.12701665379258,4.12701665379258,4.12701665379258,4.12701665379258,4.12701665379258,4.12701665379258,4.12701665379258,4.12701665379258,4.12701665379258,4.12701665379258,4.12701665379258,4.12701665379258,4.12701665379258,4.12701665379258,4.12701665379258,4.12701665379258,4.12701665379258,4.12701665379258,4.12701665379258,4.12701665379258,4.12701665379258,4.12701665379258,4.12701665379258,4.12701665379258,4.12701665379258,4.12701665379258,4.12701665379258,2.17157287525381,2.17157287525381,2.17157287525381,2.17157287525381,2.17157287525381,2.17157287525381,2.17157287525381,2.17157287525381,2.17157287525381,2.17157287525381,2.17157287525381,2.17157287525381,2.17157287525381,2.17157287525381,2.17157287525381,2.17157287525381,2.17157287525381,2.17157287525381,2.17157287525381,2.17157287525381,2.17157287525381,2.17157287525381,2.17157287525381,2.17157287525381,2.17157287525381,2.17157287525381,2.17157287525381,2.17157287525381,2.17157287525381,2.17157287525381,2.17157287525381,2.17157287525381,2.17157287525381,2.17157287525381,2.17157287525381,2.17157287525381,2.17157287525381,2.17157287525381,2.17157287525381,2.17157287525381,2.17157287525381,2.17157287525381,2.17157287525381,2.17157287525381,2.17157287525381,2.17157287525381,2.17157287525381,2.17157287525381,2.17157287525381,2.17157287525381,3.1492947645232,2.84455691039883,1986
4.12701665379258,4.12701665379258,4.12701665379258,4.12701665379258,4.12701665379258,4.12701665379258,4.12701665379258,4.12701665379258,4.12701665379258,4.12701665379258,4.12701665379258,4.12701665379258,4.12701665379258,4.12701665379258,4.12701665379258,4.12701665379258,4.12701665379258,4.12701665379258,4.12701665379258,4.12701665379258,4.12701665379258,4.12701665379258,4.12701665379258,4.12701665379258,4.12701665379258,4.12701665379258,4.12701665379258,4.12701665379258,4.12701665379258,4.12701665379258,4.12701665379258,4.12701665379258,4.12701665379258,4.12701665379258,4.12701665379258,4.12701665379258,4.12701665379258,4.12701665379258,4.12701665379258,4.12701665379258,4.12701665379258,4.12701665379258,4.12701665379258,4.12701665379258,4.12701665379258,4.12701665379258,4.12701665379258,4.12701665379258,4.12701665379258,4.12701665379258,1.34314575050762,1.34314575050762,1.34314575050762,1.34314575050762,1.34314575050762,1.34314575050762,1.34314575050762,1.34314575050762,1.34314575050762,1.34314575050762,1.34314575050762,1.34314575050762,1.34314575050762,1.34314575050762,1.34314575050762,1.34314575050762,1.34314575050762,1.34314575050762,1.34314575050762,1.34314575050762,1.34314575050762,1.34314575050762,1.34314575050762,1.34314575050762,1.34314575050762,1.34314575050762,1.34314575050762,1.34314575050762,1.34314575050762,1.34314575050762,1.34314575050762,1.34314575050762,1.34314575050762,1.34314575050762,1.34314575050762,1.34314575050762,1.34314575050762,1.34314575050762,1.34314575050762,1.34314575050762,1.34314575050762,1.34314575050762,1.34314575050762,1.34314575050762,1.34314575050762,1.34314575050762,1.34314575050762,1.34314575050762,1.34314575050762,1.34314575050762,2.7350812021501,2.84455691039883,1987
4.12701665379258,4.12701665379258,4.12701665379258,4.12701665379258,4.12701665379258,4.12701665379258,4.12701665379258,4.12701665379258,4.12701665379258,4.12701665379258,4.12701665379258,4.12701665379258,4.12701665379258,4.12701665379258,4.12701665379258,4.12701665379258,4.12701665379258,4.12701665379258,4.12701665379258,4.12701665379258,4.12701665379258,4.12701665379258,4.12701665379258,4.12701665379258,4.12701665379258,4.12701665379258,4.12701665379258,4.12701665379258,4.12701665379258,4.12701665379258,4.12701665379258,4.12701665379258,4.12701665379258,4.12701665379258,4.12701665379258,4.12701665379258,4.12701665379258,4.12701665379258,4.12701665379258,4.12701665379258,4.12701665379258,4.12701665379258,4.12701665379258,4.12701665379258,4.12701665379258,4.12701665379258,4.12701665379258,4.12701665379258,4.12701665379258,4.12701665379258,1.75735931288071,1.75735931288071,1.75735931288071,1.75735931288071,1.75735931288071,1.75735931288071,1.75735931288071,1.75735931288071,1.75735931288071,1.75735931288071,1.75735931288071,1.75735931288071,1.75735931288071,1.75735931288071,1.75735931288071,1.75735931288071,1.75735931288071,1.75735931288071,1.75735931288071,1.75735931288071,1.75735931288071,1.75735931288071,1.75735931288071,1.75735931288071,1.75735931288071,1.75735931288071,1.75735931288071,1.75735931288071,1.75735931288071,1.75735931288071,1.75735931288071,1.75735931288071,1.75735931288071,1.75735931288071,1.75735931288071,1.75735931288071,1.75735931288071,1.75735931288071,1.75735931288071,1.75735931288071,1.75735931288071,1.75735931288071,1.75735931288071,1.75735931288071,1.75735931288071,1.75735931288071,1.75735931288071,1.75735931288071,1.75735931288071,1.75735931288071,2.94218798333665,2.74692583746101,1988
4.12701665379258,4.12701665379258,4.12701665379258,4.12701665379258,4.12701665379258,4.12701665379258,4.12701665379258,4.12701665379258,4.12701665379258,4.12701665379258,4.12701665379258,4.12701665379258,4.12701665379258,4.12701665379258,4.12701665379258,4.12701665379258,4.12701665379258,4.12701665379258,4.12701665379258,4.12701665379258,4.12701665379258,4.12701665379258,4.12701665379258,4.12701665379258,4.12701665379258,4.12701665379258,4.12701665379258,4.12701665379258,4.12701665379258,4.12701665379258,4.12701665379258,4.12701665379258,4.12701665379258,4.12701665379258,4.12701665379258,4.12701665379258,4.12701665379258,4.12701665379258,4.12701665379258,4.12701665379258,4.12701665379258,4.12701665379258,4.12701665379258,4.12701665379258,4.12701665379258,4.12701665379258,4.12701665379258,4.12701665379258,4.12701665379258,4.12701665379258,1.17157287525381,1.17157287525381,1.17157287525381,1.17157287525381,1.17157287525381,1.17157287525381,1.17157287525381,1.17157287525381,1.17157287525381,1.17157287525381,1.17157287525381,1.17157287525381,1.17157287525381,1.17157287525381,1.17157287525381,1.17157287525381,1.17157287525381,1.17157287525381,1.17157287525381,1.17157287525381,1.17157287525381,1.17157287525381,1.17157287525381,1.17157287525381,1.17157287525381,1.17157287525381,1.17157287525381,1.17157287525381,1.17157287525381,1.17157287525381,1.17157287525381,1.17157287525381,1.17157287525381,1.17157287525381,1.17157287525381,1.17157287525381,1.17157287525381,1.17157287525381,1.17157287525381,1.17157287525381,1.17157287525381,1.17157287525381,1.17157287525381,1.17157287525381,1.17157287525381,1.17157287525381,1.17157287525381,1.17157287525381,1.17157287525381,1.17157287525381,2.6492947645232,2.74692583746101,1989
4.12701665379258,4.12701665379258,4.12701665379258,4.12701665379258,4.12701665379258,4.12701665379258,4.12701665379258,4.12701665379258,4.12701665379258,4.12701665379258,4.12701665379258,4.12701665379258,4.12701665379258,4.12701665379258,4.12701665379258,4.12701665379258,4.12701665379258,4.12701665379258,4.12701665379258,4.12701665379258,4.12701665379258,4.12701665379258,4.12701665379258,4.12701665379258,4.12701665379258,4.12701665379258,4.12701665379258,4.12701665379258,4.12701665379258,4.12701665379258,4.12701665379258,4.12701665379258,4.12701665379258,4.12701665379258,4.12701665379258,4.12701665379258,4.12701665379258,4.12701665379258,4.12701665379258,4.12701665379258,4.12701665379258,4.12701665379258,4.12701665379258,4.12701665379258,4.12701665379258,4.12701665379258,4.12701665379258,4.12701665379258,4.12701665379258,4.12701665379258,1.17157287525381,1.17157287525381,1.17157287525381,1.17157287525381,1.17157287525381,1.17157287525381,1.17157287525381,1.17157287525381,1.17157287525381,1.17157287525381,1.17157287525381,1.17157287525381,1.17157287525381,1.17157287525381,1.17157287525381,1.17157287525381,1.17157287525381,1.17157287525381,1.17157287525381,1.17157287525381,1.17157287525381,1.17157287525381,1.17157287525381,1.17157287525381,1.17157287525381,1.17157287525381,1.17157287525381,1.17157287525381,1.17157287525381,1.17157287525381,1.17157287525381,1.17157287525381,1.17157287525381,1.17157287525381,1.17157287525381,1.17157287525381,1.17157287525381,1.17157287525381,1.17157287525381,1.17157287525381,1.17157287525381,1.17157287525381,1.17157287525381,1.17157287525381,1.17157287525381,1.17157287525381,1.17157287525381,1.17157287525381,1.17157287525381,1.17157287525381,2.6492947645232,2.74692583746101,1990
4.12701665379258,4.12701665379258,4.12701665379258,4.12701665379258,4.12701665379258,4.12701665379258,4.12701665379258,4.12701665379258,4.12701665379258,4.12701665379258,4.12701665379258,4.12701665379258,4.12701665379258,4.12701665379258,4.12701665379258,4.12701665379258,4.12701665379258,4.12701665379258,4.12701665379258,4.12701665379258,4.12701665379258,4.12701665379258,4.12701665379258,4.12701665379258,4.12701665379258,4.12701665379258,4.12701665379258,4.12701665379258,4.12701665379258,4.12701665379258,4.12701665379258,4.12701665379258,4.12701665379258,4.12701665379258,4.12701665379258,4.12701665379258,4.12701665379258,4.12701665379258,4.12701665379258,4.12701665379258,4.12701665379258,4.12701665379258,4.12701665379258,4.12701665379258,4.12701665379258,4.12701665379258,4.12701665379258,4.12701665379258,4.12701665379258,4.12701665379258,1.75735931288072,1.75735931288072,1.75735931288072,1.75735931288072,1.75735931288072,1.75735931288072,1.75735931288072,1.75735931288072,1.75735931288072,1.75735931288072,1.75735931288072,1.75735931288072,1.75735931288072,1.75735931288072,1.75735931288072,1.75735931288072,1.75735931288072,1.75735931288072,1.75735931288072,1.75735931288072,1.75735931288072,1.75735931288072,1.75735931288072,1.75735931288072,1.75735931288072,1.75735931288072,1.75735931288072,1.75735931288072,1.75735931288072,1.75735931288072,1.75735931288072,1.75735931288072,1.75735931288072,1.75735931288072,1.75735931288072,1.75735931288072,1.75735931288072,1.75735931288072,1.75735931288072,1.75735931288072,1.75735931288072,1.75735931288072,1.75735931288072,1.75735931288072,1.75735931288072,1.75735931288072,1.75735931288072,1.75735931288072,1.75735931288072,1.75735931288072,2.94218798333665,3.0112235770655,1991
4.12701665379258,4.12701665379258,4.12701665379258,4.12701665379258,4.12701665379258,4.12701665379258,4.12701665379258,4.12701665379258,4.12701665379258,4.12701665379258,4.12701665379258,4.12701665379258,4.12701665379258,4.12701665379258,4.12701665379258,4.12701665379258,4.12701665379258,4.12701665379258,4.12701665379258,4.12701665379258,4.12701665379258,4.12701665379258,4.12701665379258,4.12701665379258,4.12701665379258,4.12701665379258,4.12701665379258,4.12701665379258,4.12701665379258,4.12701665379258,4.12701665379258,4.12701665379258,4.12701665379258,4.12701665379258,4.12701665379258,4.12701665379258,4.12701665379258,4.12701665379258,4.12701665379258,4.12701665379258,4.12701665379258,4.12701665379258,4.12701665379258,4.12701665379258,4.12701665379258,4.12701665379258,4.12701665379258,4.12701665379258,4.12701665379258,4.12701665379258,1.75735931288071,1.75735931288071,1.75735931288071,1.75735931288071,1.75735931288071,1.75735931288071,1.75735931288071,1.75735931288071,1.75735931288071,1.75735931288071,1.75735931288071,1.75735931288071,1.75735931288071,1.75735931288071,1.75735931288071,1.75735931288071,1.75735931288071,1.75735931288071,1.75735931288071,1.75735931288071,1.75735931288071,1.75735931288071,1.75735931288071,1.75735931288071,1.75735931288071,1.75735931288071,1.75735931288071,1.75735931288071,1.75735931288071,1.75735931288071,1.75735931288071,1.75735931288071,1.75735931288071,1.75735931288071,1.75735931288071,1.75735931288071,1.75735931288071,1.75735931288071,1.75735931288071,1.75735931288071,1.75735931288071,1.75735931288071,1.75735931288071,1.75735931288071,1.75735931288071,1.75735931288071,1.75735931288071,1.75735931288071,1.75735931288071,1.75735931288071,2.94218798333665,3.0112235770655,1992
4.12701665379258,4.12701665379258,4.12701665379258,4.12701665379258,4.12701665379258,4.12701665379258,4.12701665379258,4.12701665379258,4.12701665379258,4.12701665379258,4.12701665379258,4.12701665379258,4.12701665379258,4.12701665379258,4.12701665379258,4.12701665379258,4.12701665379258,4.12701665379258,4.12701665379258,4.12701665379258,4.12701665379258,4.12701665379258,4.12701665379258,4.12701665379258,4.12701665379258,4.12701665379258,4.12701665379258,4.12701665379258,4.12701665379258,4.12701665379258,4.12701665379258,4.12701665379258,4.12701665379258,4.12701665379258,4.12701665379258,4.12701665379258,4.12701665379258,4.12701665379258,4.12701665379258,4.12701665379258,4.12701665379258,4.12701665379258,4.12701665379258,4.12701665379258,4.12701665379258,4.12701665379258,4.12701665379258,4.12701665379258,4.12701665379258,4.12701665379258,2.17157287525381,2.17157287525381,2.17157287525381,2.17157287525381,2.17157287525381,2.17157287525381,2.17157287525381,2.17157287525381,2.17157287525381,2.17157287525381,2.17157287525381,2.17157287525381,2.17157287525381,2.17157287525381,2.17157287525381,2.17157287525381,2.17157287525381,2.17157287525381,2.17157287525381,2.17157287525381,2.17157287525381,2.17157287525381,2.17157287525381,2.17157287525381,2.17157287525381,2.17157287525381,2.17157287525381,2.17157287525381,2.17157287525381,2.17157287525381,2.17157287525381,2.17157287525381,2.17157287525381,2.17157287525381,2.17157287525381,2.17157287525381,2.17157287525381,2.17157287525381,2.17157287525381,2.17157287525381,2.17157287525381,2.17157287525381,2.17157287525381,2.17157287525381,2.17157287525381,2.17157287525381,2.17157287525381,2.17157287525381,2.17157287525381,2.17157287525381,3.1492947645232,3.0112235770655,1993
4,4,4,4,4,4,4,4,4,4,4,4,4,4,4,4,4,4,4,4,4,4,4,4,4,4,4,4,4,4,4,4,4,4,4,4,4,4,4,4,4,4,4,4,4,4,4,4,4,4,1.17157287525381,1.17157287525381,1.17157287525381,1.17157287525381,1.17157287525381,1.17157287525381,1.17157287525381,1.17157287525381,1.17157287525381,1.17157287525381,1.17157287525381,1.17157287525381,1.17157287525381,1.17157287525381,1.17157287525381,1.17157287525381,1.17157287525381,1.17157287525381,1.17157287525381,1.17157287525381,1.17157287525381,1.17157287525381,1.17157287525381,1.17157287525381,1.17157287525381,1.17157287525381,1.17157287525381,1.17157287525381,1.17157287525381,1.17157287525381,1.17157287525381,1.17157287525381,1.17157287525381,1.17157287525381,1.17157287525381,1.17157287525381,1.17157287525381,1.17157287525381,1.17157287525381,1.17157287525381,1.17157287525381,1.17157287525381,1.17157287525381,1.17157287525381,1.17157287525381,1.17157287525381,1.17157287525381,1.17157287525381,1.17157287525381,1.17157287525381,2.58578643762691,2.58578643762691,1994
4,4,4,4,4,4,4,4,4,4,4,4,4,4,4,4,4,4,4,4,4,4,4,4,4,4,4,4,4,4,4,4,4,4,4,4,4,4,4,4,4,4,4,4,4,4,4,4,4,4,1.17157287525381,1.17157287525381,1.17157287525381,1.17157287525381,1.17157287525381,1.17157287525381,1.17157287525381,1.17157287525381,1.17157287525381,1.17157287525381,1.17157287525381,1.17157287525381,1.17157287525381,1.17157287525381,1.17157287525381,1.17157287525381,1.17157287525381,1.17157287525381,1.17157287525381,1.17157287525381,1.17157287525381,1.17157287525381,1.17157287525381,1.17157287525381,1.17157287525381,1.17157287525381,1.17157287525381,1.17157287525381,1.17157287525381,1.17157287525381,1.17157287525381,1.17157287525381,1.17157287525381,1.17157287525381,1.17157287525381,1.17157287525381,1.17157287525381,1.17157287525381,1.17157287525381,1.17157287525381,1.17157287525381,1.17157287525381,1.17157287525381,1.17157287525381,1.17157287525381,1.17157287525381,1.17157287525381,1.17157287525381,1.17157287525381,1.17157287525381,2.58578643762691,2.58578643762691,1995
4,4,4,4,4,4,4,4,4,4,4,4,4,4,4,4,4,4,4,4,4,4,4,4,4,4,4,4,4,4,4,4,4,4,4,4,4,4,4,4,4,4,4,4,4,4,4,4,4,4,1.17157287525381,1.17157287525381,1.17157287525381,1.17157287525381,1.17157287525381,1.17157287525381,1.17157287525381,1.17157287525381,1.17157287525381,1.17157287525381,1.17157287525381,1.17157287525381,1.17157287525381,1.17157287525381,1.17157287525381,1.17157287525381,1.17157287525381,1.17157287525381,1.17157287525381,1.17157287525381,1.17157287525381,1.17157287525381,1.17157287525381,1.17157287525381,1.17157287525381,1.17157287525381,1.17157287525381,1.17157287525381,1.17157287525381,1.17157287525381,1.17157287525381,1.17157287525381,1.17157287525381,1.17157287525381,1.17157287525381,1.17157287525381,1.17157287525381,1.17157287525381,1.17157287525381,1.17157287525381,1.17157287525381,1.17157287525381,1.17157287525381,1.17157287525381,1.17157287525381,1.17157287525381,1.17157287525381,1.17157287525381,1.17157287525381,1.17157287525381,2.58578643762691,2.58578643762691,1996
4,4,4,4,4,4,4,4,4,4,4,4,4,4,4,4,4,4,4,4,4,4,4,4,4,4,4,4,4,4,4,4,4,4,4,4,4,4,4,4,4,4,4,4,4,4,4,4,4,4,1.58578643762691,1.58578643762691,1.58578643762691,1.58578643762691,1.58578643762691,1.58578643762691,1.58578643762691,1.58578643762691,1.58578643762691,1.58578643762691,1.58578643762691,1.58578643762691,1.58578643762691,1.58578643762691,1.58578643762691,1.58578643762691,1.58578643762691,1.58578643762691,1.58578643762691,1.58578643762691,1.58578643762691,1.58578643762691,1.58578643762691,1.58578643762691,1.58578643762691,1.58578643762691,1.58578643762691,1.58578643762691,1.58578643762691,1.58578643762691,1.58578643762691,1.58578643762691,1.58578643762691,1.58578643762691,1.58578643762691,1.58578643762691,1.58578643762691,1.58578643762691,1.58578643762691,1.58578643762691,1.58578643762691,1.58578643762691,1.58578643762691,1.58578643762691,1.58578643762691,1.58578643762691,1.58578643762691,1.58578643762691,1.58578643762691,1.58578643762691,2.79289321881345,2.7238576250846,1997
4,4,4,4,4,4,4,4,4,4,4,4,4,4,4,4,4,4,4,4,4,4,4,4,4,4,4,4,4,4,4,4,4,4,4,4,4,4,4,4,4,4,4,4,4,4,4,4,4,4,1.17157287525381,1.17157287525381,1.17157287525381,1.17157287525381,1.17157287525381,1.17157287525381,1.17157287525381,1.17157287525381,1.17157287525381,1.17157287525381,1.17157287525381,1.17157287525381,1.17157287525381,1.17157287525381,1.17157287525381,1.17157287525381,1.17157287525381,1.17157287525381,1.17157287525381,1.17157287525381,1.17157287525381,1.17157287525381,1.17157287525381,1.17157287525381,1.17157287525381,1.17157287525381,1.17157287525381,1.17157287525381,1.17157287525381,1.17157287525381,1.17157287525381,1.17157287525381,1.17157287525381,1.17157287525381,1.17157287525381,1.17157287525381,1.17157287525381,1.17157287525381,1.17157287525381,1.17157287525381,1.17157287525381,1.17157287525381,1.17157287525381,1.17157287525381,1.17157287525381,1.17157287525381,1.17157287525381,1.17157287525381,1.17157287525381,1.17157287525381,2.58578643762691,2.7238576250846,1998
4,4,4,4,4,4,4,4,4,4,4,4,4,4,4,4,4,4,4,4,4,4,4,4,4,4,4,4,4,4,4,4,4,4,4,4,4,4,4,4,4,4,4,4,4,4,4,4,4,4,1.58578643762691,1.58578643762691,1.58578643762691,1.58578643762691,1.58578643762691,1.58578643762691,1.58578643762691,1.58578643762691,1.58578643762691,1.58578643762691,1.58578643762691,1.58578643762691,1.58578643762691,1.58578643762691,1.58578643762691,1.58578643762691,1.58578643762691,1.58578643762691,1.58578643762691,1.58578643762691,1.58578643762691,1.58578643762691,1.58578643762691,1.58578643762691,1.58578643762691,1.58578643762691,1.58578643762691,1.58578643762691,1.58578643762691,1.58578643762691,1.58578643762691,1.58578643762691,1.58578643762691,1.58578643762691,1.58578643762691,1.58578643762691,1.58578643762691,1.58578643762691,1.58578643762691,1.58578643762691,1.58578643762691,1.58578643762691,1.58578643762691,1.58578643762691,1.58578643762691,1.58578643762691,1.58578643762691,1.58578643762691,1.58578643762691,1.58578643762691,2.79289321881345,2.7238576250846,1999
4,4,4,4,4,4,4,4,4,4,4,4,4,4,4,4,4,4,4,4,4,4,4,4,4,4,4,4,4,4,4,4,4,4,4,4,4,4,4,4,4,4,4,4,4,4,4,4,4,4,1,1,1,1,1,1,1,1,1,1,1,1,1,1,1,1,1,1,1,1,1,1,1,1,1,1,1,1,1,1,1,1,1,1,1,1,1,1,1,1,1,1,1,1,1,1,1,1,1,1,2.5,2.62622655214679,2000
4,4,4,4,4,4,4,4,4,4,4,4,4,4,4,4,4,4,4,4,4,4,4,4,4,4,4,4,4,4,4,4,4,4,4,4,4,4,4,4,4,4,4,4,4,4,4,4,4,4,1.58578643762691,1.58578643762691,1.58578643762691,1.58578643762691,1.58578643762691,1.58578643762691,1.58578643762691,1.58578643762691,1.58578643762691,1.58578643762691,1.58578643762691,1.58578643762691,1.58578643762691,1.58578643762691,1.58578643762691,1.58578643762691,1.58578643762691,1.58578643762691,1.58578643762691,1.58578643762691,1.58578643762691,1.58578643762691,1.58578643762691,1.58578643762691,1.58578643762691,1.58578643762691,1.58578643762691,1.58578643762691,1.58578643762691,1.58578643762691,1.58578643762691,1.58578643762691,1.58578643762691,1.58578643762691,1.58578643762691,1.58578643762691,1.58578643762691,1.58578643762691,1.58578643762691,1.58578643762691,1.58578643762691,1.58578643762691,1.58578643762691,1.58578643762691,1.58578643762691,1.58578643762691,1.58578643762691,1.58578643762691,1.58578643762691,1.58578643762691,2.79289321881345,2.62622655214679,2001
4,4,4,4,4,4,4,4,4,4,4,4,4,4,4,4,4,4,4,4,4,4,4,4,4,4,4,4,4,4,4,4,4,4,4,4,4,4,4,4,4,4,4,4,4,4,4,4,4,4,1.17157287525381,1.17157287525381,1.17157287525381,1.17157287525381,1.17157287525381,1.17157287525381,1.17157287525381,1.17157287525381,1.17157287525381,1.17157287525381,1.17157287525381,1.17157287525381,1.17157287525381,1.17157287525381,1.17157287525381,1.17157287525381,1.17157287525381,1.17157287525381,1.17157287525381,1.17157287525381,1.17157287525381,1.17157287525381,1.17157287525381,1.17157287525381,1.17157287525381,1.17157287525381,1.17157287525381,1.17157287525381,1.17157287525381,1.17157287525381,1.17157287525381,1.17157287525381,1.17157287525381,1.17157287525381,1.17157287525381,1.17157287525381,1.17157287525381,1.17157287525381,1.17157287525381,1.17157287525381,1.17157287525381,1.17157287525381,1.17157287525381,1.17157287525381,1.17157287525381,1.17157287525381,1.17157287525381,1.17157287525381,1.17157287525381,1.17157287525381,2.58578643762691,2.62622655214679,2002
4,4,4,4,4,4,4,4,4,4,4,4,4,4,4,4,4,4,4,4,4,4,4,4,4,4,4,4,4,4,4,4,4,4,4,4,4,4,4,4,4,4,4,4,4,4,4,4,4,4,1.17157287525381,1.17157287525381,1.17157287525381,1.17157287525381,1.17157287525381,1.17157287525381,1.17157287525381,1.17157287525381,1.17157287525381,1.17157287525381,1.17157287525381,1.17157287525381,1.17157287525381,1.17157287525381,1.17157287525381,1.17157287525381,1.17157287525381,1.17157287525381,1.17157287525381,1.17157287525381,1.17157287525381,1.17157287525381,1.17157287525381,1.17157287525381,1.17157287525381,1.17157287525381,1.17157287525381,1.17157287525381,1.17157287525381,1.17157287525381,1.17157287525381,1.17157287525381,1.17157287525381,1.17157287525381,1.17157287525381,1.17157287525381,1.17157287525381,1.17157287525381,1.17157287525381,1.17157287525381,1.17157287525381,1.17157287525381,1.17157287525381,1.17157287525381,1.17157287525381,1.17157287525381,1.17157287525381,1.17157287525381,1.17157287525381,1.17157287525381,2.58578643762691,2.58578643762691,2003
4,4,4,4,4,4,4,4,4,4,4,4,4,4,4,4,4,4,4,4,4,4,4,4,4,4,4,4,4,4,4,4,4,4,4,4,4,4,4,4,4,4,4,4,4,4,4,4,4,4,1.17157287525381,1.17157287525381,1.17157287525381,1.17157287525381,1.17157287525381,1.17157287525381,1.17157287525381,1.17157287525381,1.17157287525381,1.17157287525381,1.17157287525381,1.17157287525381,1.17157287525381,1.17157287525381,1.17157287525381,1.17157287525381,1.17157287525381,1.17157287525381,1.17157287525381,1.17157287525381,1.17157287525381,1.17157287525381,1.17157287525381,1.17157287525381,1.17157287525381,1.17157287525381,1.17157287525381,1.17157287525381,1.17157287525381,1.17157287525381,1.17157287525381,1.17157287525381,1.17157287525381,1.17157287525381,1.17157287525381,1.17157287525381,1.17157287525381,1.17157287525381,1.17157287525381,1.17157287525381,1.17157287525381,1.17157287525381,1.17157287525381,1.17157287525381,1.17157287525381,1.17157287525381,1.17157287525381,1.17157287525381,1.17157287525381,1.17157287525381,2.58578643762691,2.58578643762691,2004
4,4,4,4,4,4,4,4,4,4,4,4,4,4,4,4,4,4,4,4,4,4,4,4,4,4,4,4,4,4,4,4,4,4,4,4,4,4,4,4,4,4,4,4,4,4,4,4,4,4,1.17157287525381,1.17157287525381,1.17157287525381,1.17157287525381,1.17157287525381,1.17157287525381,1.17157287525381,1.17157287525381,1.17157287525381,1.17157287525381,1.17157287525381,1.17157287525381,1.17157287525381,1.17157287525381,1.17157287525381,1.17157287525381,1.17157287525381,1.17157287525381,1.17157287525381,1.17157287525381,1.17157287525381,1.17157287525381,1.17157287525381,1.17157287525381,1.17157287525381,1.17157287525381,1.17157287525381,1.17157287525381,1.17157287525381,1.17157287525381,1.17157287525381,1.17157287525381,1.17157287525381,1.17157287525381,1.17157287525381,1.17157287525381,1.17157287525381,1.17157287525381,1.17157287525381,1.17157287525381,1.17157287525381,1.17157287525381,1.17157287525381,1.17157287525381,1.17157287525381,1.17157287525381,1.17157287525381,1.17157287525381,1.17157287525381,1.17157287525381,2.58578643762691,2.58578643762691,2005
4,4,4,4,4,4,4,4,4,4,4,4,4,4,4,4,4,4,4,4,4,4,4,4,4,4,4,4,4,4,4,4,4,4,4,4,4,4,4,4,4,4,4,4,4,4,4,4,4,4,1.17157287525381,1.17157287525381,1.17157287525381,1.17157287525381,1.17157287525381,1.17157287525381,1.17157287525381,1.17157287525381,1.17157287525381,1.17157287525381,1.17157287525381,1.17157287525381,1.17157287525381,1.17157287525381,1.17157287525381,1.17157287525381,1.17157287525381,1.17157287525381,1.17157287525381,1.17157287525381,1.17157287525381,1.17157287525381,1.17157287525381,1.17157287525381,1.17157287525381,1.17157287525381,1.17157287525381,1.17157287525381,1.17157287525381,1.17157287525381,1.17157287525381,1.17157287525381,1.17157287525381,1.17157287525381,1.17157287525381,1.17157287525381,1.17157287525381,1.17157287525381,1.17157287525381,1.17157287525381,1.17157287525381,1.17157287525381,1.17157287525381,1.17157287525381,1.17157287525381,1.17157287525381,1.17157287525381,1.17157287525381,1.17157287525381,1.17157287525381,2.58578643762691,2.82148869802242,2006
4,4,4,4,4,4,4,4,4,4,4,4,4,4,4,4,4,4,4,4,4,4,4,4,4,4,4,4,4,4,4,4,4,4,4,4,4,4,4,4,4,4,4,4,4,4,4,4,4,4,1.58578643762691,1.58578643762691,1.58578643762691,1.58578643762691,1.58578643762691,1.58578643762691,1.58578643762691,1.58578643762691,1.58578643762691,1.58578643762691,1.58578643762691,1.58578643762691,1.58578643762691,1.58578643762691,1.58578643762691,1.58578643762691,1.58578643762691,1.58578643762691,1.58578643762691,1.58578643762691,1.58578643762691,1.58578643762691,1.58578643762691,1.58578643762691,1.58578643762691,1.58578643762691,1.58578643762691,1.58578643762691,1.58578643762691,1.58578643762691,1.58578643762691,1.58578643762691,1.58578643762691,1.58578643762691,1.58578643762691,1.58578643762691,1.58578643762691,1.58578643762691,1.58578643762691,1.58578643762691,1.58578643762691,1.58578643762691,1.58578643762691,1.58578643762691,1.58578643762691,1.58578643762691,1.58578643762691,1.58578643762691,1.58578643762691,1.58578643762691,2.79289321881345,2.82148869802242,2007
4,4,4,4,4,4,4,4,4,4,4,4,4,4,4,4,4,4,4,4,4,4,4,4,4,4,4,4,4,4,4,4,4,4,4,4,4,4,4,4,4,4,4,4,4,4,4,4,4,4,2.17157287525381,2.17157287525381,2.17157287525381,2.17157287525381,2.17157287525381,2.17157287525381,2.17157287525381,2.17157287525381,2.17157287525381,2.17157287525381,2.17157287525381,2.17157287525381,2.17157287525381,2.17157287525381,2.17157287525381,2.17157287525381,2.17157287525381,2.17157287525381,2.17157287525381,2.17157287525381,2.17157287525381,2.17157287525381,2.17157287525381,2.17157287525381,2.17157287525381,2.17157287525381,2.17157287525381,2.17157287525381,2.17157287525381,2.17157287525381,2.17157287525381,2.17157287525381,2.17157287525381,2.17157287525381,2.17157287525381,2.17157287525381,2.17157287525381,2.17157287525381,2.17157287525381,2.17157287525381,2.17157287525381,2.17157287525381,2.17157287525381,2.17157287525381,2.17157287525381,2.17157287525381,2.17157287525381,2.17157287525381,2.17157287525381,2.17157287525381,3.08578643762691,2.82148869802242,2008
4,4,4,4,4,4,4,4,4,4,4,4,4,4,4,4,4,4,4,4,4,4,4,4,4,4,4,4,4,4,4,4,4,4,4,4,4,4,4,4,4,4,4,4,4,4,4,4,4,4,1.58578643762691,1.58578643762691,1.58578643762691,1.58578643762691,1.58578643762691,1.58578643762691,1.58578643762691,1.58578643762691,1.58578643762691,1.58578643762691,1.58578643762691,1.58578643762691,1.58578643762691,1.58578643762691,1.58578643762691,1.58578643762691,1.58578643762691,1.58578643762691,1.58578643762691,1.58578643762691,1.58578643762691,1.58578643762691,1.58578643762691,1.58578643762691,1.58578643762691,1.58578643762691,1.58578643762691,1.58578643762691,1.58578643762691,1.58578643762691,1.58578643762691,1.58578643762691,1.58578643762691,1.58578643762691,1.58578643762691,1.58578643762691,1.58578643762691,1.58578643762691,1.58578643762691,1.58578643762691,1.58578643762691,1.58578643762691,1.58578643762691,1.58578643762691,1.58578643762691,1.58578643762691,1.58578643762691,1.58578643762691,1.58578643762691,1.58578643762691,2.79289321881345,2.85438816995758,2009
4,4,4,4,4,4,4,4,4,4,4,4,4,4,4,4,4,4,4,4,4,4,4,4,4,4,4,4,4,4,4,4,4,4,4,4,4,4,4,4,4,4,4,4,4,4,4,4,4,4,2.13629669484373,2.13629669484373,2.13629669484373,2.13629669484373,2.13629669484373,2.13629669484373,2.13629669484373,2.13629669484373,2.13629669484373,2.13629669484373,2.13629669484373,2.13629669484373,2.13629669484373,2.13629669484373,2.13629669484373,2.13629669484373,2.13629669484373,2.13629669484373,2.13629669484373,2.13629669484373,2.13629669484373,2.13629669484373,2.13629669484373,2.13629669484373,2.13629669484373,2.13629669484373,2.13629669484373,2.13629669484373,2.13629669484373,2.13629669484373,2.13629669484373,2.13629669484373,2.13629669484373,2.13629669484373,2.13629669484373,2.13629669484373,2.13629669484373,2.13629669484373,2.13629669484373,2.13629669484373,2.13629669484373,2.13629669484373,2.13629669484373,2.13629669484373,2.13629669484373,2.13629669484373,2.13629669484373,2.13629669484373,2.13629669484373,2.13629669484373,3.06814834742186,2.85438816995758,2010
4,4,4,4,4,4,4,4,4,4,4,4,4,4,4,4,4,4,4,4,4,4,4,4,4,4,4,4,4,4,4,4,4,4,4,4,4,4,4,4,4,4,4,4,4,4,4,4,4,4,1.40424588727485,1.40424588727485,1.40424588727485,1.40424588727485,1.40424588727485,1.40424588727485,1.40424588727485,1.40424588727485,1.40424588727485,1.40424588727485,1.40424588727485,1.40424588727485,1.40424588727485,1.40424588727485,1.40424588727485,1.40424588727485,1.40424588727485,1.40424588727485,1.40424588727485,1.40424588727485,1.40424588727485,1.40424588727485,1.40424588727485,1.40424588727485,1.40424588727485,1.40424588727485,1.40424588727485,1.40424588727485,1.40424588727485,1.40424588727485,1.40424588727485,1.40424588727485,1.40424588727485,1.40424588727485,1.40424588727485,1.40424588727485,1.40424588727485,1.40424588727485,1.40424588727485,1.40424588727485,1.40424588727485,1.40424588727485,1.40424588727485,1.40424588727485,1.40424588727485,1.40424588727485,1.40424588727485,1.40424588727485,1.40424588727485,1.40424588727485,2.70212294363743,2.85438816995758,2011
4,4,4,4,4,4,4,4,4,4,4,4,4,4,4,4,4,4,4,4,4,4,4,4,4,4,4,4,4,4,4,4,4,4,4,4,4,4,4,4,4,4,4,4,4,4,4,4,4,4,1.40424588727485,1.40424588727485,1.40424588727485,1.40424588727485,1.40424588727485,1.40424588727485,1.40424588727485,1.40424588727485,1.40424588727485,1.40424588727485,1.40424588727485,1.40424588727485,1.40424588727485,1.40424588727485,1.40424588727485,1.40424588727485,1.40424588727485,1.40424588727485,1.40424588727485,1.40424588727485,1.40424588727485,1.40424588727485,1.40424588727485,1.40424588727485,1.40424588727485,1.40424588727485,1.40424588727485,1.40424588727485,1.40424588727485,1.40424588727485,1.40424588727485,1.40424588727485,1.40424588727485,1.40424588727485,1.40424588727485,1.40424588727485,1.40424588727485,1.40424588727485,1.40424588727485,1.40424588727485,1.40424588727485,1.40424588727485,1.40424588727485,1.40424588727485,1.40424588727485,1.40424588727485,1.40424588727485,1.40424588727485,1.40424588727485,1.40424588727485,2.70212294363743,2.8056763342307,2012
4,4,4,4,4,4,4,4,4,4,4,4,4,4,4,4,4,4,4,4,4,4,4,4,4,4,4,4,4,4,4,4,4,4,4,4,4,4,4,4,4,4,4,4,4,4,4,4,4,4,1.81845944964794,1.81845944964794,1.81845944964794,1.81845944964794,1.81845944964794,1.81845944964794,1.81845944964794,1.81845944964794,1.81845944964794,1.81845944964794,1.81845944964794,1.81845944964794,1.81845944964794,1.81845944964794,1.81845944964794,1.81845944964794,1.81845944964794,1.81845944964794,1.81845944964794,1.81845944964794,1.81845944964794,1.81845944964794,1.81845944964794,1.81845944964794,1.81845944964794,1.81845944964794,1.81845944964794,1.81845944964794,1.81845944964794,1.81845944964794,1.81845944964794,1.81845944964794,1.81845944964794,1.81845944964794,1.81845944964794,1.81845944964794,1.81845944964794,1.81845944964794,1.81845944964794,1.81845944964794,1.81845944964794,1.81845944964794,1.81845944964794,1.81845944964794,1.81845944964794,1.81845944964794,1.81845944964794,1.81845944964794,1.81845944964794,1.81845944964794,2.90922972482397,2.8056763342307,2013
